Here,Is,Some,Sample,Data
Testing1,lorem ipsum,69,30,6/20/2017 11:00
Testing2,lorum ipsum,13,60,6/20/2017 12:00
Testing3,lorum ipsum,21,120,6/20/2017 15:00
Testing4,lorum ipsum,53,60,6/20/2017 18:00
Testing5,lorum ipsum,32,30,6/21/2017 8:00
Testing6,lorum ipsum,97,180,6/21/2017 8:30
Testing7,lorum ipsum,10,30,6/21/2017 12:00
Testing8,lorum ipsum,35,120,6/22/2017 9:00
Testing9,lorum ipsum,30,30,6/22/2017 11:00
Testing10,lorum ipsum,57,120,6/22/2017 17:00
Testing11,lorum ipsum,19,60,6/22/2017 18:30
Testing12,lorum ipsum,49,60,6/22/2017 10:00
Testing13,lorum ipsum,68,60,6/22/2017 11:00
Testing14,lorum ipsum,79,60,6/27/2017 13:30
Testing15,lorum ipsum,44,60,6/27/2017 14:00
Testing16,lorum ipsum,97,60,6/28/2017 18:30
Testing17,lorum ipsum,57,60,6/29/2017 18:00
Testing18,lorum ipsum,22,60,6/29/2017 8:00
Testing19,lorum ipsum,58,240,7/3/2017 9:00
Testing20,lorum ipsum,82,60,7/10/2017 10:00
Testing21,lorum ipsum,80,360,7/11/2017 8:00
Testing22,lorum ipsum,16,120,7/18/2017 9:00
Testing23,lorum ipsum,77,300,7/17/2017 8:00
Testing24,lorum ipsum,87,180,7/18/2017 14:00
Testing25,lorum ipsum,18,180,7/22/2017 10:00
Testing26,lorum ipsum,58,180,7/24/2017 10:00
Testing27,lorum ipsum,87,60,7/24/2017 17:00
Testing28,lorum ipsum,75,60,7/24/2017 17:00
Testing29,lorum ipsum,11,60,7/25/2017 18:00
Testing30,lorum ipsum,27,360,7/26/2017 10:00
Testing31,lorum ipsum,99,60,7/26/2017 19:00
Testing32,lorum ipsum,40,240,7/27/2017 11:00
Testing33,lorum ipsum,95,60,7/26/2017 10:00
Testing34,lorum ipsum,40,60,7/27/2017 9:00
Testing35,lorum ipsum,10,180,7/28/2017 9:00
Testing36,lorum ipsum,54,180,7/28/2017 12:00
Testing37,lorum ipsum,9,120,7/28/2017 9:00
Testing38,lorum ipsum,28,60,7/28/2017 14:00
Testing39,lorum ipsum,34,180,7/28/2017 15:00
Testing40,lorum ipsum,78,60,7/28/2017 17:00
Testing41,lorum ipsum,41,60,7/31/2017 9:00
Testing42,lorum ipsum,16,60,8/1/2017 9:00
Testing43,lorum ipsum,76,60,8/1/2017 17:00
